{"cameraMode":{"drawMode":0,"name":"Shaded","section":"Shading Mode"},"sceneLighting":false,"audioPlay":false,"sceneViewState":{"m_AlwaysRefresh":false,"showFog":true,"showSkybox":false,"showFlares":true,"showImageEffects":true,"showParticleSystems":true,"showVisualEffectGraphs":true,"m_FxEnabled":true},"in2DMode":false,"pivot":{"x":2.3299999237060549,"y":1.2000000476837159,"z":-13.140000343322754},"rotation":{"x":0.5038034915924072,"y":-0.002606687368825078,"z":0.001520640915259719,"w":0.863811731338501},"size":0.3658374845981598,"orthographic":false}